Title,Author,Skills Covered,Industry,Level,Description
"Deep Learning with Python","François Chollet","machine learning, deep learning, keras","AI/ML","Intermediate","A practical guide to deep learning using Python and Keras."
"Clean Code","Robert C. Martin","software engineering, clean code, programming","Software Development","Intermediate","Teaches best practices and principles for writing clean, maintainable code."
"Designing Data-Intensive Applications","Martin Kleppmann","databases, distributed systems, data engineering","Data Engineering","Advanced","In-depth look at modern data architectures, databases, and scalability."
"Python Crash Course","Eric Matthes","python, programming fundamentals","General Programming","Beginner","A beginner-friendly guide to learn Python from scratch."
"The Lean Startup","Eric Ries","entrepreneurship, product management, startup","Business","Beginner","How to build a startup using lean methodology and validated learning."
"The Pragmatic Programmer","Andrew Hunt, David Thomas","software design, coding principles","Software Engineering","Intermediate","Classic book covering core habits and mindset of effective programmers."
"AI Superpowers","Kai-Fu Lee","artificial intelligence, china vs usa, innovation","AI/ML","Beginner","Discusses the global AI race with a focus on China’s tech rise and implications for the future."
"JavaScript: The Good Parts","Douglas Crockford","javascript, web development","Frontend Development","Intermediate","A detailed look at JavaScript's good features and best practices."
"Introduction to Algorithms","Thomas H. Cormen","algorithms, data structures, computer science","Computer Science","Advanced","Comprehensive coverage of algorithms and their analysis."
"Building Machine Learning Powered Applications","Emmanuel Ameisen","machine learning, product development, MLOps","AI/ML","Intermediate","Guide to building real-world ML applications from ideation to production."
"Domain-Driven Design","Eric Evans","software architecture, domain modeling","Software Architecture","Advanced","Strategic design principles for complex software projects."
"Learning SQL","Alan Beaulieu","sql, databases, data analysis","Data","Beginner","Clear introduction to SQL and relational database concepts."
"Site Reliability Engineering","Betsy Beyer","devops, system design, reliability","DevOps","Advanced","Google's approach to service management and system reliability."
"Flutter in Action","Eric Windmill","flutter, mobile development, dart","Mobile Development","Intermediate","Hands-on guide to building cross-platform mobile apps with Flutter."
"Natural Language Processing with Transformers","Lewis Tunstall","nlp, transformers, deep learning","AI/ML","Advanced","Building language applications with transformers and huggingface."
"System Design Interview","Alex Xu","system design, scalability, architecture","Software Architecture","Advanced","Guide to tackling system design questions with real-world examples."
"Web Development with Node and Express","Ethan Brown","nodejs, express, web development","Backend Development","Intermediate","Building scalable web applications with Node.js and Express."
